﻿{
  "culture": "tr",
  "texts": {
    "Menu:Home": "Ana sayfa",
    "Welcome": "Hoşgeldiniz",
    "LongWelcomeMessage": "Uygulamaya hoşgeldiniz. Bu, ABP framework'ü üzerine bina edilmiş bir başlangıç projesidir. Daha fazla bilgi için abp.io adresini ziyaret edebilirsiniz.",
    "Menu:BookStore": "Kitap Mağazası",
    "Menu:Books": "Kitaplar",
    "Actions": "İşlemler",
    "Close": "Kapat",
    "Delete": "Sil",
    "Edit": "Düzenle",
    "PublishDate": "Yayınlanma Tarihi",
    "NewBook": "Yeni Kitap",
    "Name": "İsim",
    "Type": "Tip",
    "Price": "Fiyat",
    "CreationTime": "Oluşturulma Tarihi",
    "AreYouSure": "Emin misiniz?",
    "AreYouSureToDelete": "Bu öğeyi silmek istediğinize emin misiniz?",
    "Enum:BookType.Undefined": "Yok",
    "Enum:BookType.Adventure": "Macera",
    "Enum:BookType.Biography": "Biyografi",
    "Enum:BookType.Dystopia": "Distopya",
    "Enum:BookType.Fantastic": "Fantastik",
    "Enum:BookType.Horror": "Korku",
    "Enum:BookType.Science": "Bilim",
    "Enum:BookType.ScienceFiction": "Bilim Kurgu",
    "Enum:BookType.Poetry": "Şiir",
    "AngularMaterial:00001": "{name} isminde bir yazar bulunmakta !",
    "Permission:Authors": "Yazar Yönetimi",
    "Permission:Authors.Create": "Yazar Oluşturma",
    "Permission:Authors.Edit": "Yazar Düzenleme",
    "Permission:Authors.Delete": "Yazar Silme",
    "Menu:Authors": "Yazarlar",
    "Authors": "Yazarlar",
    "AuthorDeletionConfirmationMessage": "'{0}' yazarı silmek istediğine emin misin?",
    "BirthDate": "Doğum Tarihi",
    "NewAuthor": "Yeni Yazar",
    "AuthorWithBook:Success": "{0} yazarı kitaplarıyla beraber eklendi",
    "AuthorInfo": "Yazar Bilgisi",
    "BookInfo": "Kitap Bilgisi",
    "AddBook": "Kitap Ekle",
    "Author": "Yazar",
    "SelectAuthor": "Yazar Seçin",
    "SelectBookType": "Kitap Tipi Seçin",
    "EditBook": "Kitap Düzenle",
    "EditAuthor": "Yazar Düzenle",
    "NewAuthorWithBook": "Yazarla beraber kitap ekle"
  }
}